f1-score	Precision	Recall	Accuracy	Cross-score(5)	Loss	Time
93.575	97.336	91.175	94.61279461279462	93.737	0.21242211834348815	143.938
