f1-score	Precision	Recall	Accuracy	Cross-score(5)	Loss	Time
32.891	36.353	32.43	72.20338983050848	67.917	1.1845260444839123	3260.778
