f1-score	Precision	Recall	Accuracy	Cross-score(5)	Loss	Time
75.919	80.885	76.826	84.40677966101696	82.227	0.4556277853957677	134.985
