f1-score	Precision	Recall	Accuracy	Cross-score(5)	Loss	Time
73.581	81.689	73.917	83.38983050847457	84.581	0.46939529069399427	224.823
