f1-score	Precision	Recall	Accuracy	Cross-score(5)	Loss	Time
68.592	91.044	67.083	81.35593220338984	82.725	0.6216417288628675	312.114
