f1-score	Precision	Recall	Accuracy	Cross-score(5)	Loss	Time
93.671	93.309	94.054	93.93939395946285	93.603	0.26643028393739	97.285
