f1-score	Precision	Recall	Accuracy	Cross-score(5)	Loss	Time
91.009	96.644	87.67	92.5925925925926	93.872	0.23612419807474422	244.397
