f1-score	Precision	Recall	Accuracy	Cross-score(5)	Loss	Time
72.677	81.39	74.51	83.72881355932203	82.817	0.5156552630965993	89.118
