f1-score	Precision	Recall	Accuracy	Cross-score(5)	Loss	Time
93.586	95.957	91.762	94.61279463286351	94.141	0.16829973474295454	301.611
