f1-score	Precision	Recall	Accuracy	Cross-score(5)	Loss	Time
60.742	75.182	60.395	75.2542372881356	73.888	2.03776849483345	1354.971
6
