f1-score	Precision	Recall	Accuracy	Cross-score(5)	Loss	Time
59.204	69.588	58.913	73.8983051251557	76.913	2.5235233470292413	2007.15

