f1-score	Precision	Recall	Accuracy	Cross-score(5)	Loss	Time
62.635	65.318	61.765	73.2203390032558	73.965	2.0554421507706078	427.131
