f1-score	Precision	Recall	Accuracy	Cross-score(5)	Loss	Time
62.983	72.346	60.544	75.59322033898304	74.223	2.091840083581411	789.843
