f1-score	Precision	Recall	Accuracy	Cross-score(5)	Loss	Time
37.764	43.819	37.487	76.61016949152543	77.428	0.8721870393066083	181.601
