f1-score	Precision	Recall	Accuracy	Cross-score(5)	Loss	Time
61.738	67.429	61.689	74.57627118644068	74.474	1.7084654916267275	250.616
