f1-score	Precision	Recall	Accuracy	Cross-score(5)	Loss	Time
64.742	65.666	64.909	71.86440682007095	75.312	1.854054123870397	1351.31
