f1-score	Precision	Recall	Accuracy	Cross-score(5)	Loss	Time
63.228	72.561	63.404	76.61016951173039	75.993	2.7282029665312018	2177.331
