f1-score	Precision	Recall	Accuracy	Cross-score(5)	Loss	Time
65.844	71.921	68.507	76.61016951173039	74.234	1.2023741456411652	312.369
