f1-score	Precision	Recall	Accuracy	f1-scoreCV	PrecisionCV	RecallCV	AccuracyCV	Method	Combination	Token	Ngram	Lemma	Stem	Time
76.624	78.857	75.373	86.842	82.54308718042927	86.76660267095056	79.79988577458407	88.94668372151693	Logistic Regression	['Tokenization']	True	False	False	False	19.083
73.535	78.841	71.988	86.053	81.72717922062952	85.94850526323111	80.23286965239257	88.77339642072776	Logistic Regression	['N-gram']	False	True	False	False	80.545
75.162	76.27	74.288	85.263	81.89866137227364	85.83101146903059	79.49253580731158	88.42005474140389	Logistic Regression	['Lemmatization']	False	False	True	False	22.067
77.961	79.816	76.822	87.368	83.57173251113365	87.17905646427762	81.20944181077479	89.38436008024593	Logistic Regression	['Stemming']	False	False	False	True	22.823
76.017	79.317	74.648	86.579	83.08114418043749	87.56790411643277	80.45049086671841	89.47393044316692	Logistic Regression	['N-gram', 'Lemmatization']	False	True	True	False	102.912
75.821	78.958	74.648	86.579	82.41009861837588	87.52613075003715	79.7333578433375	89.12151105627755	Logistic Regression	['N-gram', 'Stemming']	False	True	False	True	105.335
