f1-score	Precision	Recall	Accuracy	Loss	Combination	Token	Ngram	Lemma	Stem
66.776	66.924	66.636	92.25589036941528	92.727	0.2550606241430899	['Tokenization']	True	False	False	False
65.861	71.498	62.327	92.25589036941528	92.727	0.357289553971519	['N-gram']	False	True	False	False
66.426	68.852	64.693	92.25589036941528	92.121	0.261194721064985	['Lemmatization']	False	False	True	False
66.076	66.717	65.749	91.91918969154358	92.525	0.22189223711137418	['Stemming']	False	False	False	True
65.546	70.922	62.208	91.91918969154358	91.852	0.37236685262638636	['Tokenization', 'N-gram']	True	True	False	False
67.179	68.787	65.862	92.92929172515869	93.131	0.23940328701778693	['Tokenization', 'Lemmatization']	True	False	True	False
